Fecha_datetime,Year,Month,Day,DOW,NO2_trop_mean,NO2_trop_std
2018-07-01,2018,7,1,6,8.681105897449536e-05,3.6702264608129945e-05
2018-07-02,2018,7,2,0,0.0001991432310819,8.91013078538471e-05
2018-07-04,2018,7,4,2,0.0001175720732974,3.4042735669002086e-05
2018-07-05,2018,7,5,3,0.0001392121175345,6.781791764603233e-05
2018-07-06,2018,7,6,4,0.0001640691823632,9.546336623091684e-05
2018-07-07,2018,7,7,5,0.0001412261689782,4.410467336459461e-05
2018-07-08,2018,7,8,6,6.853955751528387e-05,3.501839337624922e-05
2018-07-09,2018,7,9,0,7.99967289584035e-05,2.7942647012650963e-05
2018-07-11,2018,7,11,2,0.0001666635842527,9.949855241720522e-05
2018-07-12,2018,7,12,3,0.000133575596283,6.806557033872994e-05
2018-07-13,2018,7,13,4,0.0001536501675382,7.39418245135091e-05
2018-07-14,2018,7,14,5,9.759562398468184e-05,4.456436341350334e-05
2018-07-15,2018,7,15,6,6.80244258312327e-05,1.8199947865005127e-05
2018-07-16,2018,7,16,0,0.0001287384989273,5.761407383168829e-05
2018-07-17,2018,7,17,1,0.0001667957280712,8.895860292454601e-05
2018-07-18,2018,7,18,2,0.0001122903866019,4.468990708680941e-05
2018-07-19,2018,7,19,3,0.0001233953598708,6.928259961510745e-05
2018-07-20,2018,7,20,4,0.000118030037562,6.7732235648045e-05
2018-07-21,2018,7,21,5,0.0001286129821806,5.664253680717037e-05
2018-07-22,2018,7,22,6,8.038751454131862e-05,3.4421497393229775e-05
2018-07-23,2018,7,23,0,0.0001050201020414,6.856103457011154e-05
2018-07-24,2018,7,24,1,0.0001078670579854,5.284745972210484e-05
2018-07-25,2018,7,25,2,0.0001223982203892,4.42968848184501e-05
2018-07-26,2018,7,26,3,0.0001274876845791,4.44443436122455e-05
2018-07-27,2018,7,27,4,0.0001232399214754,5.081384174443194e-05
2018-07-28,2018,7,28,5,8.414602148673343e-05,4.149681201975069e-05
2018-07-29,2018,7,29,6,6.850576614723891e-05,3.7362643853718536e-05
2018-07-30,2018,7,30,0,0.000119292164247,6.524420094919671e-05
2018-07-31,2018,7,31,1,0.0001511351940998,6.702963125600913e-05
2018-08-01,2018,8,1,2,0.0001470783952168,5.703893711666119e-05
2018-08-02,2018,8,2,3,0.0001323054630026,6.841732368164795e-05
2018-08-03,2018,8,3,4,0.0001219117036325,5.206108742900554e-05
2018-08-06,2018,8,6,0,0.0001173055744053,5.086268812334384e-05
2018-08-07,2018,8,7,1,0.0001199314636633,5.697852005452724e-05
2018-08-08,2018,8,8,2,0.0001411241290388,6.359155642391434e-05
2018-08-09,2018,8,9,3,0.000124225517401,5.955847809338045e-05
2018-08-10,2018,8,10,4,0.0001240214228954,2.408849862961789e-05
2018-08-12,2018,8,12,6,0.0001505785795855,6.21819074278444e-05
2018-08-13,2018,8,13,0,0.0001323279530516,6.79232428794202e-05
2018-08-14,2018,8,14,1,0.0001054200830334,4.290596082045405e-05
2018-08-15,2018,8,15,2,0.0001228136569464,3.527755459256183e-05
2018-08-16,2018,8,16,3,0.0001548031441214,5.565928281539321e-05
2018-08-17,2018,8,17,4,0.0001573889852375,7.040920177893426e-05
2018-08-18,2018,8,18,5,0.0001262035026236,5.565979604040343e-05
2018-08-19,2018,8,19,6,6.629666751037615e-05,2.838925764342183e-05
2018-08-20,2018,8,20,0,0.000125283593878,5.750208584714762e-05
2018-08-22,2018,8,22,2,0.0001522005494862,6.041674695999687e-05
2018-08-23,2018,8,23,3,0.0001185467698087,5.241872445106182e-05
2018-08-24,2018,8,24,4,0.0001071363794825,5.013856846319612e-05
2018-08-25,2018,8,25,5,0.000107161156725,5.005828047767267e-05
2018-08-26,2018,8,26,6,7.34299981100238e-05,2.2246173600373016e-05
2018-08-27,2018,8,27,0,0.0001701823276769,8.334177139182569e-05
2018-08-28,2018,8,28,1,0.0002020517957867,0.0001046131669044
2018-08-29,2018,8,29,2,0.0001757010456595,8.376997851685082e-05
2018-08-30,2018,8,30,3,0.0001042763610024,4.594845117247879e-05
2018-08-31,2018,8,31,4,9.386282467066124e-05,2.703693129552389e-05
2018-09-01,2018,9,1,5,0.0001266596417011,5.104411806849165e-05
2018-09-02,2018,9,2,6,7.258466040337558e-05,3.772403099558386e-05
2018-09-03,2018,9,3,0,0.0001716356711378,8.101471983881245e-05
2018-09-04,2018,9,4,1,0.0001428139940025,7.994845902889974e-05
2018-09-05,2018,9,5,2,0.0001384413888193,5.819075797836775e-05
2018-09-06,2018,9,6,3,0.0001134465969818,3.0808485545555206e-05
2018-09-07,2018,9,7,4,0.0001275476679423,5.25147574175573e-05
2018-09-08,2018,9,8,5,0.0001396571013752,5.348834305908329e-05
2018-09-09,2018,9,9,6,7.5121595923668e-05,2.757800008370109e-05
2018-09-10,2018,9,10,0,6.716946989186502e-05,2.4663450579544352e-05
2018-09-11,2018,9,11,1,9.014209685856408e-05,2.2688710392629498e-05
2018-09-12,2018,9,12,2,0.0001227552142918,4.662241412293835e-05
2018-09-13,2018,9,13,3,0.0001601715818699,6.65111259664702e-05
2018-09-14,2018,9,14,4,0.0001204616382963,5.844185855787333e-05
2018-09-15,2018,9,15,5,0.0001233736690126,3.905182851419724e-05
2018-09-16,2018,9,16,6,6.606319456513319e-05,1.6920661385041593e-05
2018-09-17,2018,9,17,0,0.0001088931301484,3.460315818866458e-05
2018-09-18,2018,9,18,1,0.0001321684390621,5.428869055216679e-05
2018-09-19,2018,9,19,2,0.0001380123822936,6.89644046912752e-05
2018-09-20,2018,9,20,3,0.0001031495598762,4.9231946430687256e-05
2018-09-21,2018,9,21,4,0.000114086256229,4.822665798354202e-05
2018-09-22,2018,9,22,5,0.0001062971235709,4.047777557951856e-05
2018-09-23,2018,9,23,6,8.6761715982846e-05,2.840104424393344e-05
2018-09-24,2018,9,24,0,0.000148345646479,5.6255072470892896e-05
2018-09-25,2018,9,25,1,0.0001265405434343,5.687344820491173e-05
2018-09-26,2018,9,26,2,0.0001446316402593,5.872144206116528e-05
2018-09-27,2018,9,27,3,8.756837768680246e-05,3.1242757041637044e-05
2018-09-28,2018,9,28,4,0.0001270582214406,4.818006953767873e-05
2018-09-29,2018,9,29,5,0.0001183104290473,5.123048666091335e-05
2018-09-30,2018,9,30,6,8.738204288104451e-05,3.1101074894949535e-05
2018-10-02,2018,10,2,1,7.579943273513909e-05,2.997132137238136e-05
2018-10-03,2018,10,3,2,8.707874299574508e-05,1.9354382566348055e-05
2018-10-04,2018,10,4,3,0.0001114306910081,6.229282302037809e-05
2018-10-05,2018,10,5,4,0.0001441862791062,8.143585794230509e-05
2018-10-06,2018,10,6,5,0.0001323382686404,4.659807654107154e-05
2018-10-07,2018,10,7,6,4.120886807664834e-05,1.976805445509501e-05
2018-10-08,2018,10,8,0,6.01654965609769e-05,2.2148165617614528e-05
2018-10-09,2018,10,9,1,8.996498979030115e-05,4.150843253484887e-05
2018-10-10,2018,10,10,2,0.0001397751044042,6.580267489332881e-05
2018-10-11,2018,10,11,3,0.0001002120691618,3.651425412389665e-05
2018-10-16,2018,10,16,1,0.0001714732871328,7.87810699600743e-05
2018-10-17,2018,10,17,2,9.71949036769576e-05,4.505533236557717e-05
2018-10-18,2018,10,18,3,7.26959638882071e-05,3.3058425716423344e-05
2018-10-19,2018,10,19,4,0.0001007044656642,3.9018683744209774e-05
2018-10-20,2018,10,20,5,0.0001112157405807,5.853646727781336e-05
2018-10-22,2018,10,22,0,8.042884482863482e-05,5.28779344813699e-05
2018-10-23,2018,10,23,1,1.9608087313827127e-05,3.0203772401340477e-05
2018-10-24,2018,10,24,2,9.128624582433096e-05,4.144281518992802e-05
2018-10-25,2018,10,25,3,0.0001080974188679,4.087895993151222e-05
2018-10-26,2018,10,26,4,0.0001189932206463,3.93387546675293e-05
2018-10-27,2018,10,27,5,8.031875147310003e-05,3.318855051354629e-05
2018-10-28,2018,10,28,6,7.934506560132539e-05,3.226116605518533e-05
2018-10-29,2018,10,29,0,8.810723175746278e-05,4.217582221949887e-05
2018-10-30,2018,10,30,1,9.708686148625395e-05,5.384246320866017e-05
2018-10-31,2018,10,31,2,0.0001141557101028,3.206777416409928e-05
2018-11-01,2018,11,1,3,8.782939016582938e-05,5.130845590351183e-05
2018-11-02,2018,11,2,4,9.593990305727802e-05,7.855731298168686e-06
2018-11-03,2018,11,3,5,2.9387425088484945e-05,1.4276648595211862e-05
2018-11-04,2018,11,4,6,3.958409481003534e-05,4.427760722260831e-05
2018-11-05,2018,11,5,0,8.859428703830187e-05,6.038352915151139e-05
2018-11-06,2018,11,6,1,0.0001045430086424,3.5659172326122866e-05
2018-11-07,2018,11,7,2,8.788638767866938e-05,3.14774232944321e-05
2018-11-08,2018,11,8,3,9.65990857588524e-05,2.5040805604362307e-05
2018-11-09,2018,11,9,4,6.941702399647643e-05,4.035131525504969e-05
2018-11-10,2018,11,10,5,0.0001014530734263,3.513191523175646e-05
2018-11-11,2018,11,11,6,8.662281505860897e-05,2.021087956117795e-05
2018-11-12,2018,11,12,0,6.698578657611544e-05,2.530143914554256e-05
2018-11-13,2018,11,13,1,7.537464988298189e-05,3.34985445107746e-05
2018-11-14,2018,11,14,2,7.507891964669558e-05,3.440534188147352e-05
2018-11-16,2018,11,16,4,0.0001024568018405,6.063119429493429e-05
2018-11-17,2018,11,17,5,0.0001393943543401,1.966428672724145e-05
2018-11-18,2018,11,18,6,6.129411065566031e-05,1.7517320436137495e-05
2018-11-19,2018,11,19,0,5.521315763065973e-05,3.1952295312954214e-05
2018-11-20,2018,11,20,1,9.4059442506649e-05,4.687861831997093e-05
2018-11-21,2018,11,21,2,0.0001045579658354,6.7223079720446e-05
2018-11-22,2018,11,22,3,0.0001454220706409,4.9768583351875806e-05
2018-11-23,2018,11,23,4,0.0001149922373766,1.5176405479352426e-05
2018-11-25,2018,11,25,6,4.368849734086477e-05,4.704030649395216e-05
2018-11-26,2018,11,26,0,8.908628379272807e-05,5.218763995899832e-05
2018-11-27,2018,11,27,1,9.695729319881412e-05,5.4218234445239306e-05
2018-11-28,2018,11,28,2,9.363484109951244e-05,3.766248356566514e-05
2018-11-29,2018,11,29,3,7.818338642869076e-05,2.986025050244236e-05
2018-11-30,2018,11,30,4,7.832441471199136e-05,3.951511755875116e-05
2018-12-01,2018,12,1,5,7.432778166915258e-05,2.24906559906566e-05
2018-12-02,2018,12,2,6,5.385900301375315e-05,3.1671444280523106e-05
2018-12-03,2018,12,3,0,9.039828306078114e-05,4.514492423205781e-05
2018-12-04,2018,12,4,1,9.21248502634262e-05,1.8123747134883677e-05
2018-12-05,2018,12,5,2,5.759868066320101e-05,3.3154954967069934e-05
2018-12-06,2018,12,6,3,6.70487960270485e-05,4.344791478303167e-05
2018-12-07,2018,12,7,4,8.821564878571265e-05,2.323309425969969e-05
2018-12-09,2018,12,9,6,5.5672728364857744e-05,2.4595789882354268e-05
2018-12-11,2018,12,11,1,0.000108375808569,6.563608556513396e-05
2018-12-12,2018,12,12,2,0.0001313485641751,6.235266360755984e-05
2018-12-13,2018,12,13,3,9.105838141511485e-05,5.232222457083387e-05
2018-12-14,2018,12,14,4,8.776990717039171e-05,4.281930074310083e-05
2018-12-15,2018,12,15,5,9.091201452887384e-05,1.4556247230390747e-05
2018-12-16,2018,12,16,6,4.353355409349176e-05,3.0619629772179114e-05
2018-12-17,2018,12,17,0,6.956968948343066e-05,4.447167923740706e-05
2018-12-18,2018,12,18,1,8.89441262524364e-05,4.237331508074543e-05
2018-12-19,2018,12,19,2,7.97063075104034e-05,3.285763169748565e-05
2018-12-20,2018,12,20,3,5.78427466777255e-05,1.9136233626510767e-05
2018-12-21,2018,12,21,4,4.982004304061673e-05,2.9040636173624908e-05
2018-12-22,2018,12,22,5,6.667863989800438e-05,2.0877240321067707e-05
2018-12-23,2018,12,23,6,6.22941704768053e-05,0.0
2018-12-24,2018,12,24,0,4.850540062761865e-05,7.245652544956619e-06
2018-12-25,2018,12,25,1,2.9163584694668145e-05,2.039416716235386e-05
2018-12-26,2018,12,26,2,5.022398975902426e-05,2.5779315453522616e-05
2018-12-27,2018,12,27,3,5.64219410024461e-05,4.3789208126931485e-05
2018-12-28,2018,12,28,4,9.374554040593116e-05,3.4118471141615346e-05
2018-12-29,2018,12,29,5,6.875548326161008e-05,2.3810089382582872e-05
2018-12-30,2018,12,30,6,5.40155107964632e-05,1.2670322807076934e-05
2018-12-31,2018,12,31,0,3.5462025843794444e-05,
2019-01-01,2019,1,1,1,2.8300979585194407e-05,7.174251007808855e-06
2019-01-02,2019,1,2,2,4.879536209191086e-05,1.8274977513385955e-05
2019-01-03,2019,1,3,3,7.461082881561827e-05,2.372342012548876e-05
2019-01-04,2019,1,4,4,6.616474229101678e-05,3.314000296871038e-05
2019-01-05,2019,1,5,5,5.142997176772302e-05,1.6176433704150937e-05
2019-01-07,2019,1,7,0,3.246058057181575e-05,2.449917263527528e-06
2019-01-09,2019,1,9,2,3.5869424297736104e-05,1.3325083716271928e-05
2019-01-13,2019,1,13,6,3.2140593102416335e-05,1.4421505937691056e-05
2019-01-14,2019,1,14,0,3.071856346709713e-05,6.386231686717228e-06
2019-01-15,2019,1,15,1,3.518411168897141e-05,1.1536734908982396e-05
2019-01-18,2019,1,18,4,3.637287954916246e-05,0.0
2019-01-19,2019,1,19,5,6.495047944607856e-05,3.152560103703992e-05
2019-01-20,2019,1,20,6,4.224264266935437e-05,2.4208623011393982e-05
2019-01-22,2019,1,22,1,4.081759309901051e-05,1.105792152689326e-05
2019-01-23,2019,1,23,2,7.398052098020413e-05,3.394193833362467e-05
2019-01-24,2019,1,24,3,6.449900193836297e-05,3.641917522403527e-05
2019-01-25,2019,1,25,4,9.246844490479276e-05,4.690180204143262e-05
2019-01-26,2019,1,26,5,5.79687698476751e-05,2.889200587863236e-05
2019-01-27,2019,1,27,6,1.8820022262547128e-05,5.173127775103243e-06
2019-01-29,2019,1,29,1,2.3920053631287977e-05,7.971906049841034e-06
2019-01-30,2019,1,30,2,8.664135973562013e-05,6.128406379693573e-05
2019-01-31,2019,1,31,3,4.007180819123836e-05,2.47195272122898e-05
2019-02-01,2019,2,1,4,1.8195061974895865e-05,3.650783721252525e-07
2019-02-02,2019,2,2,5,3.352554191669717e-05,1.1946624095872816e-05
2019-02-03,2019,2,3,6,4.2525417984194725e-05,1.5724923317673116e-05
2019-02-04,2019,2,4,0,2.1087176334027427e-05,3.3864034669534177e-06
2019-02-05,2019,2,5,1,4.1770416515124015e-05,1.9579600174068897e-05
2019-02-07,2019,2,7,3,3.686983954976805e-05,1.0831307430448708e-05
2019-02-09,2019,2,9,5,6.649913992936329e-05,4.057919613936107e-05
2019-02-10,2019,2,10,6,4.887453529046088e-05,2.0507235866913995e-05
2019-02-13,2019,2,13,2,1.928394522110466e-05,0.0
2019-02-14,2019,2,14,3,3.705772422341421e-05,2.2121524315050283e-05
2019-02-16,2019,2,16,5,5.007017999920788e-05,2.652551885057523e-05
2019-02-17,2019,2,17,6,1.1440630260040052e-05,0.0
2019-02-18,2019,2,18,0,1.821597553109276e-05,6.391288225912994e-06
2019-02-19,2019,2,19,1,4.288146805718887e-05,2.109947711227912e-05
2019-02-20,2019,2,20,2,2.9947758458845317e-05,1.8519770272274492e-05
2019-02-21,2019,2,21,3,5.934134496925394e-05,3.0625038329715e-05
2019-02-22,2019,2,22,4,6.848727935167215e-05,3.0286883804680304e-05
2019-02-23,2019,2,23,5,4.095998487666816e-05,1.9808018251166844e-05
2019-02-24,2019,2,24,6,1.8638518612743607e-05,5.686369290124118e-06
2019-02-25,2019,2,25,0,7.984031024908705e-05,4.509675978378673e-05
2019-02-26,2019,2,26,1,0.00011251104767,7.839403521588027e-05
2019-02-27,2019,2,27,2,4.16837485742712e-05,1.701719542974347e-05
2019-02-28,2019,2,28,3,3.2380322848513086e-05,1.1310931876045752e-05
2019-03-01,2019,3,1,4,5.190042708138353e-05,2.6336540933345968e-05
2019-03-02,2019,3,2,5,5.368361560002037e-05,2.8675618371261283e-05
2019-03-03,2019,3,3,6,5.045518279755861e-05,2.1596735916250787e-05
2019-03-04,2019,3,4,0,6.046098483905706e-05,3.610967119590394e-05
2019-03-05,2019,3,5,1,7.774102162377757e-05,5.125783033696314e-05
2019-03-06,2019,3,6,2,1.863586294348352e-05,3.139301760571177e-05
2019-03-07,2019,3,7,3,6.509419558171732e-05,3.928927233978223e-05
2019-03-08,2019,3,8,4,7.10983679572257e-05,4.158635922210958e-05
2019-03-09,2019,3,9,5,7.182370572300013e-05,7.212018483151767e-06
2019-03-10,2019,3,10,6,4.164364725579042e-05,1.612649368679164e-05
2019-03-11,2019,3,11,0,4.089341647229277e-05,3.2350401027362136e-05
2019-03-12,2019,3,12,1,5.458421605447441e-05,3.95448898877545e-05
2019-03-13,2019,3,13,2,5.898130547093678e-05,1.866296221975053e-05
2019-03-14,2019,3,14,3,4.0582140678726174e-05,4.514947970002763e-05
2019-03-15,2019,3,15,4,8.415142321708451e-05,3.881579388781524e-05
2019-03-16,2019,3,16,5,8.303642658380536e-05,1.434018859385435e-05
2019-03-17,2019,3,17,6,3.659261881885201e-05,3.729060367649462e-05
2019-03-18,2019,3,18,0,6.167383435608936e-05,4.188623979080223e-05
2019-03-19,2019,3,19,1,7.796231085295611e-05,4.907590318626517e-05
2019-03-20,2019,3,20,2,8.128520145524962e-05,5.260250184327284e-05
2019-03-21,2019,3,21,3,9.014927742485108e-05,2.532922511390037e-05
2019-03-22,2019,3,22,4,4.814361207030801e-05,3.422388566230029e-05
2019-03-23,2019,3,23,5,6.978198924949535e-05,2.7617987615883924e-05
2019-03-24,2019,3,24,6,5.729409388390185e-05,5.759336682528921e-05
2019-03-25,2019,3,25,0,0.0001132126417528,5.637478129442981e-05
2019-03-26,2019,3,26,1,0.0001317851058733,2.547642700262742e-05
2019-03-27,2019,3,27,2,5.182160877192087e-05,1.722189283290275e-05
2019-03-28,2019,3,28,3,3.432148862541031e-05,7.77300287098702e-05
2019-03-29,2019,3,29,4,0.0001477501253145,4.740113660812576e-05
2019-03-30,2019,3,30,5,8.212153647685449e-05,3.0472163197891316e-05
2019-03-31,2019,3,31,6,6.099041788144045e-05,4.787810076759728e-05
2019-04-03,2019,4,3,2,7.898404433806974e-05,3.335446898067387e-05
2019-04-04,2019,4,4,3,6.780300125154208e-05,5.571622282080831e-05
2019-04-05,2019,4,5,4,0.0001028731269683,2.4980584869794063e-05
2019-04-06,2019,4,6,5,8.367703547999903e-05,1.0595395127285792e-05
2019-04-07,2019,4,7,6,3.913507169422287e-05,3.759721217703794e-05
2019-04-08,2019,4,8,0,6.529317681555299e-05,4.812932414842298e-05
2019-04-09,2019,4,9,1,9.492687616978492e-05,4.804098845003708e-05
2019-04-10,2019,4,10,2,7.957069663187213e-05,6.746987319800369e-05
2019-04-11,2019,4,11,3,0.0001214404648694,3.367129502746688e-05
2019-04-12,2019,4,12,4,6.989232563032556e-05,4.6927147422181606e-05
2019-04-13,2019,4,13,5,8.157596014403278e-05,6.0507707741603775e-05
2019-04-14,2019,4,14,6,9.879574772898056e-05,7.662858688751677e-05
2019-04-15,2019,4,15,0,0.0001303069581381,6.263183930867865e-05
2019-04-16,2019,4,16,1,0.0001428302251686,6.126036665391762e-05
2019-04-17,2019,4,17,2,0.0001337082281158,2.4793258310810087e-05
2019-04-18,2019,4,18,3,6.628926985201128e-05,2.355211485843112e-05
2019-04-19,2019,4,19,4,4.546006093708267e-05,5.891188670562029e-05
2019-04-20,2019,4,20,5,8.006113261959469e-05,2.629337208149762e-05
2019-04-21,2019,4,21,6,5.070990144278848e-05,5.560817551228845e-05
2019-04-22,2019,4,22,0,8.081294390552542e-05,4.102772555133189e-05
2019-04-23,2019,4,23,1,6.727808408486349e-05,5.577685143411479e-05
2019-04-24,2019,4,24,2,8.24001127655733e-05,7.479809695791641e-05
2019-04-25,2019,4,25,3,0.0001289163544766,7.666817204931082e-05
2019-04-26,2019,4,26,4,0.0001913969433304,4.480976898795716e-06
2019-04-27,2019,4,27,5,4.4512350775562544e-05,4.9450924011945445e-05
2019-04-29,2019,4,29,0,9.039201457076208e-05,0.0001056197317882
2019-04-30,2019,4,30,1,0.0001563679526633,5.6562487525720665e-05
2019-05-01,2019,5,1,2,0.0001052790480127,6.340898209613693e-05
2019-05-02,2019,5,2,3,0.0001366114339317,2.4843121361237235e-05
2019-05-03,2019,5,3,4,9.56566209447927e-05,1.9589362019644244e-05
2019-05-04,2019,5,4,5,9.21137655612712e-05,4.153646133560265e-05
2019-05-05,2019,5,5,6,0.0001059620436457,8.734233131065416e-05
2019-05-06,2019,5,6,0,0.0001343945292652,3.812725129036208e-05
2019-05-07,2019,5,7,1,8.320556572130091e-05,4.766464328972825e-05
2019-05-08,2019,5,8,2,0.0001588756541467,5.094621728740853e-05
2019-05-09,2019,5,9,3,0.000115861632164,4.77247480575708e-05
2019-05-10,2019,5,10,4,0.0001235932829193,5.498361730219227e-05
2019-05-11,2019,5,11,5,0.0001449376661858,5.360900617106916e-05
2019-05-12,2019,5,12,6,0.0001191562576219,4.923259983391188e-05
2019-05-13,2019,5,13,0,0.000109355503459,3.290919186900569e-05
2019-05-14,2019,5,14,1,9.281212592798576e-05,4.280905963683517e-05
2019-05-15,2019,5,15,2,0.0001114299619558,6.533241351135014e-05
2019-05-16,2019,5,16,3,0.0001829043900405,0.0001082810973009
2019-05-17,2019,5,17,4,0.0002179813904699,8.488838903476796e-05
2019-05-18,2019,5,18,5,0.0001736584568273,3.723733967598163e-05
2019-05-19,2019,5,19,6,6.378611081987482e-05,5.216727914385244e-05
2019-05-20,2019,5,20,0,0.0001088410782298,8.540171124776116e-05
2019-05-21,2019,5,21,1,0.0001330251848774,8.1141692306245e-05
2019-05-22,2019,5,22,2,0.0001536416559315,7.749483787216275e-05
2019-05-23,2019,5,23,3,0.0001509154465718,2.5823316248582585e-05
2019-05-24,2019,5,24,4,7.963808632456092e-05,3.294140478671648e-05
2019-05-25,2019,5,25,5,0.0001194851766494,2.288128242084377e-05
2019-05-26,2019,5,26,6,7.604689117473288e-05,8.895567761914659e-05
2019-05-27,2019,5,27,0,0.0001554559232418,7.310596673004419e-05
2019-05-28,2019,5,28,1,0.0001279433875623,4.035357409572623e-05
2019-05-30,2019,5,30,3,0.0001408868152896,1.7035454317372153e-05
2019-05-31,2019,5,31,4,6.713191302864088e-05,4.93709098859562e-05
2019-06-01,2019,6,1,5,0.0001112392191901,7.080144228834141e-05
2019-06-02,2019,6,2,6,0.0001393045244386,5.71850705261097e-05
2019-06-03,2019,6,3,0,0.0001153270985309,3.129892341806081e-05
2019-06-04,2019,6,4,1,6.551334305456587e-05,2.206806447199358e-05
2019-06-05,2019,6,5,2,9.11189069583222e-05,5.789621958858908e-05
2019-06-06,2019,6,6,3,0.000158854530939,0.0001100017553039
2019-06-07,2019,6,7,4,0.000178138779656,0.0001020789875068
2019-06-08,2019,6,8,5,0.0002172625743844,7.11647262915471e-05
2019-06-09,2019,6,9,6,0.000116297866358,4.852108410018457e-05
2019-06-10,2019,6,10,0,0.000141019081513,6.02495244212653e-05
2019-06-11,2019,6,11,1,0.0001688573563309,6.166468387313699e-05
2019-06-12,2019,6,12,2,0.0001320471028096,0.0001017011099815
2019-06-13,2019,6,13,3,0.0002083558680453,7.604895242388944e-05
2019-06-14,2019,6,14,4,0.0001253533356481,4.626738439176471e-05
2019-06-15,2019,6,15,5,0.0001140286375421,3.7469608985368254e-05
2019-06-16,2019,6,16,6,9.099298774183772e-05,7.844497802420743e-05
2019-06-17,2019,6,17,0,0.0001472513316492,5.191418403148858e-05
2019-06-18,2019,6,18,1,0.0001001181739208,7.26712622430232e-05
2019-06-19,2019,6,19,2,0.0001183974320294,5.008520833538935e-05
2019-06-20,2019,6,20,3,0.0001070750378647,4.542842182422553e-05
2019-06-21,2019,6,21,4,0.0001160509811786,7.587029882680078e-05
2019-06-22,2019,6,22,5,0.0001532835078555,7.099025999408108e-05
2019-06-23,2019,6,23,6,0.0001394850332455,9.252982497353304e-05
2019-06-24,2019,6,24,0,0.0001553672307974,6.313807780122899e-05
2019-06-25,2019,6,25,1,0.000101196606647,6.418105966718894e-05
2019-06-26,2019,6,26,2,0.0001457508148373,9.269955992715452e-05
2019-06-27,2019,6,27,3,0.0002490005857886,8.677131326157525e-05
2019-06-28,2019,6,28,4,0.0001958145788465,5.590233357538218e-05
2019-06-29,2019,6,29,5,0.0001265829532363,2.409670433126925e-05
2019-06-30,2019,6,30,6,5.311356307551967e-05,1.893664804208357e-05
2019-07-01,2019,7,1,0,9.028412893428376e-05,4.052582548512205e-05
2019-07-02,2019,7,2,1,0.0001324484333905,4.963890492239652e-05
2019-07-03,2019,7,3,2,0.0001150653333015,6.236951003279533e-05
2019-07-04,2019,7,4,3,0.0001069926836061,9.058483441379584e-05
2019-07-05,2019,7,5,4,0.0001420386310726,8.356641853371901e-05
2019-07-06,2019,7,6,5,0.0001217766833848,3.720495251163315e-05
2019-07-07,2019,7,7,6,0.0001048119218638,6.778228255185829e-05
2019-07-08,2019,7,8,0,0.0001657461154908,7.49332762825392e-05
2019-07-09,2019,7,9,1,0.0001352263136501,6.259634552898018e-05
2019-07-10,2019,7,10,2,0.0001224367143622,7.303542403288455e-05
2019-07-11,2019,7,11,3,0.000149350199287,4.896708503183031e-05
2019-07-12,2019,7,12,4,0.0001435999905287,4.543632719173334e-05
2019-07-13,2019,7,13,5,0.0001207721458048,3.5735487444836166e-05
2019-07-14,2019,7,14,6,8.5146667953042e-05,6.6583605876385e-05
2019-07-15,2019,7,15,0,0.0001189768884943,4.959751156692869e-05
2019-07-16,2019,7,16,1,8.973484395926936e-05,3.481062291957676e-05
2019-07-17,2019,7,17,2,0.0001005467233657,5.944445067375616e-05
2019-07-18,2019,7,18,3,0.000164674631704,6.75363001455475e-05
2019-07-19,2019,7,19,4,0.0001234890329658,9.349074789532472e-05
2019-07-20,2019,7,20,5,0.0001881567044653,6.438070027143722e-05
2019-07-21,2019,7,21,6,0.0001233262738251,3.614467765559893e-05
2019-07-22,2019,7,22,0,7.278605558660119e-05,3.119488697084713e-05
2019-07-23,2019,7,23,1,0.000101021481501,5.1461522953885946e-05
2019-07-24,2019,7,24,2,0.000134370733794,5.470345443599864e-05
2019-07-25,2019,7,25,3,0.0001255825257562,6.840326425529579e-05
2019-07-26,2019,7,26,4,0.0001374446798002,4.355767597876164e-05
2019-07-27,2019,7,27,5,7.787078505230292e-05,3.0248698437792047e-05
2019-07-28,2019,7,28,6,8.1370890502047e-05,2.5414659956471668e-05
2019-07-29,2019,7,29,0,6.189391758268952e-05,7.53930287900464e-05
2019-07-30,2019,7,30,1,0.0001242092153734,8.550905167888923e-05
2019-07-31,2019,7,31,2,0.0001654583957305,5.521003253262808e-05
2019-08-01,2019,8,1,3,0.0001155196959908,4.543672542920863e-05
2019-08-02,2019,8,2,4,0.0001005480767847,7.013563626283362e-05
2019-08-03,2019,8,3,5,0.0001718034249909,5.0250582297617176e-05
2019-08-04,2019,8,4,6,0.0001224738315116,8.286325268950452e-05
2019-08-05,2019,8,5,0,0.0001541116958849,4.676558939514296e-05
2019-08-06,2019,8,6,1,0.0001117628515578,5.112529541967888e-05
2019-08-08,2019,8,8,3,0.0001323174552898,6.322076774772026e-05
2019-08-09,2019,8,9,4,0.0001394204464673,6.868760180189242e-05
2019-08-10,2019,8,10,5,0.0001261539072326,4.745302692474603e-05
2019-08-11,2019,8,11,6,0.0001080675705796,4.982951282373981e-05
2019-08-12,2019,8,12,0,8.676636220776491e-05,5.9166866971898775e-05
2019-08-13,2019,8,13,1,0.0001037668827367,8.750457474337238e-05
2019-08-14,2019,8,14,2,0.0002062721132608,6.506767051169343e-05
2019-08-15,2019,8,15,3,0.0001707982128988,4.897787134323145e-05
2019-08-16,2019,8,16,4,0.0001399475063706,3.643088764076632e-05
2019-08-17,2019,8,17,5,0.0001117891373814,1.743016775921153e-05
2019-08-18,2019,8,18,6,8.07907751187089e-05,4.562616183543676e-05
2019-08-19,2019,8,19,0,0.000122598940798,5.274847603763236e-05
2019-08-20,2019,8,20,1,0.0001442154068387,8.667243516872664e-05
2019-08-21,2019,8,21,2,0.0001800901717598,5.557368830411139e-05
2019-08-22,2019,8,22,3,0.0001248581652429,6.284348919090025e-05
2019-08-23,2019,8,23,4,0.0001291041906581,3.036157328517103e-05
2019-08-24,2019,8,24,5,0.000105712559895,2.206729719204739e-05
2019-08-25,2019,8,25,6,6.270726506218418e-05,5.584468644093062e-05
2019-08-26,2019,8,26,0,0.0001254911500644,9.008589796459177e-05
2019-08-27,2019,8,27,1,0.000157709702669,5.959437711173423e-05
2019-08-28,2019,8,28,2,0.0001340009028997,3.721244291388749e-05
2019-08-29,2019,8,29,3,0.0001205292004435,4.887820982894275e-05
2019-08-30,2019,8,30,4,0.0001347533646217,5.793823076961654e-05
2019-08-31,2019,8,31,5,0.0001433210357601,4.6743774545561074e-05
2019-09-01,2019,9,1,6,0.0001219947947922,4.18884238295054e-05
2019-09-02,2019,9,2,0,0.0001071896559676,2.9323028199207736e-05
2019-09-03,2019,9,3,1,9.905660386422778e-05,5.082407375945029e-05
2019-09-04,2019,9,4,2,0.0001344230219792,5.534689716890048e-05
2019-09-05,2019,9,5,3,0.0001443453348423,5.791651986602469e-05
2019-09-06,2019,9,6,4,0.0001361665165249,3.781849139356744e-05
2019-09-07,2019,9,7,5,9.167374214284065e-05,2.776177645384744e-05
2019-09-08,2019,9,8,6,5.679498707853773e-05,3.18695926461389e-05
2019-09-09,2019,9,9,0,8.62952415990607e-05,4.263381118550101e-05
2019-09-10,2019,9,10,1,8.423440568989171e-05,6.87043173783175e-05
2019-09-11,2019,9,11,2,0.0001516363835026,6.715638127095725e-05
2019-09-12,2019,9,12,3,0.0001390523866338,5.521050297328788e-05
2019-09-13,2019,9,13,4,9.079858768607256e-05,4.9783216026686415e-05
2019-09-14,2019,9,14,5,0.0001176511457807,3.375269822410913e-05
2019-09-15,2019,9,15,6,8.670807904416834e-05,7.366756518162262e-05
2019-09-16,2019,9,16,0,0.0001446594621095,5.237432703535122e-05
2019-09-17,2019,9,17,1,0.0001210676122933,3.534574313814033e-05
2019-09-18,2019,9,18,2,7.852105218876358e-05,3.548544747888346e-05
2019-09-19,2019,9,19,3,0.0001183365687048,2.9682848322405982e-05
2019-09-20,2019,9,20,4,8.556179911773869e-05,4.8435941474820914e-05
2019-09-22,2019,9,22,6,0.0001149311440238,5.364313099424367e-05
2019-09-23,2019,9,23,0,0.0001351936043617,4.950188788688289e-05
2019-09-24,2019,9,24,1,0.0001251546473836,3.632059184904541e-05
2019-09-25,2019,9,25,2,0.0001111559656,5.470908851257357e-05
2019-09-26,2019,9,26,3,0.0001260248354945,6.800637107945899e-05
2019-09-27,2019,9,27,4,0.0001321211490619,5.151608794041901e-05
2019-09-28,2019,9,28,5,0.0001253843912907,2.1230315813326467e-05
2019-09-29,2019,9,29,6,6.532860175328556e-05,1.3806705315318131e-05
2019-09-30,2019,9,30,0,7.19384867744166e-05,1.1630227928438764e-05
2019-10-01,2019,10,1,1,8.480048746846533e-05,6.569079443408642e-05
2019-10-02,2019,10,2,2,0.0001435162304318,4.480999849912973e-05
2019-10-03,2019,10,3,3,0.0001218746819436,4.320753291843144e-05
2019-10-04,2019,10,4,4,0.0001216052801791,1.6803740448872773e-05
2019-10-05,2019,10,5,5,7.139653050155666e-05,2.4462606387207774e-05
2019-10-06,2019,10,6,6,6.2018013669673e-05,5.6184888637159005e-05
2019-10-07,2019,10,7,0,0.0001222882065403,4.250981224173229e-05
2019-10-08,2019,10,8,1,0.0001025522038453,5.4639069970859215e-05
2019-10-09,2019,10,9,2,0.0001181194629276,4.293706514745823e-05
2019-10-10,2019,10,10,3,9.259044751471312e-05,3.692323647138458e-05
2019-10-11,2019,10,11,4,0.0001077037315865,7.4717326542977e-05
2019-10-12,2019,10,12,5,0.0001546600225535,3.4572283595586265e-05
2019-10-13,2019,10,13,6,0.0001227291668053,5.649578786646005e-05
2019-10-14,2019,10,14,0,0.0001141274696968,5.130735975672975e-05
2019-10-15,2019,10,15,1,0.0001467265721269,3.889497294837555e-05
2019-10-16,2019,10,16,2,8.066368307325174e-05,1.516970674558045e-05
2019-10-17,2019,10,17,3,6.295762696882351e-05,5.7398599750369656e-05
2019-10-18,2019,10,18,4,6.242416330479048e-05,5.287726795333206e-05
2019-10-19,2019,10,19,5,0.0001076054722601,2.202331539409617e-05
2019-10-20,2019,10,20,6,6.293134772644414e-05,3.314832544605909e-05
2019-10-21,2019,10,21,0,5.7315156662446e-05,4.120018616630662e-05
2019-10-22,2019,10,22,1,9.173718360095544e-05,4.113850087639463e-05
2019-10-23,2019,10,23,2,0.0001101202258587,5.3949224020935416e-05
2019-10-24,2019,10,24,3,0.0001229729307381,4.625051304322291e-05
2019-10-25,2019,10,25,4,0.0001238140226059,2.8410535003061337e-05
2019-10-26,2019,10,26,5,0.0001027792200747,2.2562902453104974e-05
2019-10-27,2019,10,27,6,5.402161599280352e-05,6.450374652323425e-05
2019-10-28,2019,10,28,0,0.0001113802873691,7.761880330640649e-05
2019-10-29,2019,10,29,1,0.0001662578338316,0.0
2019-10-30,2019,10,30,2,1.077204433386214e-05,4.26398077224249e-05
2019-10-31,2019,10,31,3,8.597631520107111e-05,2.460384216615036e-05
2019-11-01,2019,11,1,4,6.684159200845382e-05,3.9741084679884034e-05
2019-11-02,2019,11,2,5,8.098992727594039e-05,2.501336698381076e-05
2019-11-03,2019,11,3,6,5.245296584146999e-05,5.264256824536111e-05
2019-11-04,2019,11,4,0,0.0001210532643999,3.468248493223741e-05
2019-11-05,2019,11,5,1,8.601660229334403e-05,3.0821615841414385e-05
2019-11-06,2019,11,6,2,7.404777464938592e-05,4.589998804270521e-05
2019-11-07,2019,11,7,3,9.55554592055048e-05,5.622169552946936e-05
2019-11-08,2019,11,8,4,0.0001020315992744,6.029475964751445e-05
2019-11-09,2019,11,9,5,0.0001075511762825,2.2231976522489063e-05
2019-11-10,2019,11,10,6,5.930888069454515e-05,0.0
2019-11-11,2019,11,11,0,2.174681139877066e-05,2.691204689948088e-05
2019-11-12,2019,11,12,1,7.609341634075781e-05,3.784568902942336e-05
2019-11-13,2019,11,13,2,8.682966931149386e-05,5.527559821926774e-05
2019-11-14,2019,11,14,3,0.0001252868491007,5.2984838716066514e-05
2019-11-15,2019,11,15,4,0.000118348088972,1.918184649734184e-05
2019-11-16,2019,11,16,5,6.277607491819095e-05,8.360777490458543e-06
2019-11-17,2019,11,17,6,3.467348103876755e-05,3.6566980256237e-05
2019-11-18,2019,11,18,0,9.382093395358068e-05,4.366557495184273e-05
2019-11-19,2019,11,19,1,0.0001619410930756,5.747062146599799e-05
2019-11-20,2019,11,20,2,0.0001350440072424,4.6667009932923074e-05
2019-11-21,2019,11,21,3,0.0001092393712303,2.6520302450375776e-05
2019-11-22,2019,11,22,4,7.019775044200295e-05,2.4498828947370827e-05
2019-11-23,2019,11,23,5,7.673051074011667e-05,2.3599377435362277e-05
2019-11-24,2019,11,24,6,5.836088316516053e-05,5.120630099593793e-05
2019-11-25,2019,11,25,0,9.222155913424116e-05,4.698455677498213e-05
2019-11-26,2019,11,26,1,9.392772199279947e-05,2.721429393019487e-05
2019-11-27,2019,11,27,2,5.116597699843921e-05,3.164668599208918e-05
2019-11-28,2019,11,28,3,6.133384512435342e-05,3.958593137703511e-05
2019-11-29,2019,11,29,4,9.896889372190112e-05,3.034027530695409e-05
2019-11-30,2019,11,30,5,9.059057713947198e-05,2.6409982336602257e-05
2019-12-01,2019,12,1,6,5.966288073762695e-05,3.0027020325906217e-05
2019-12-02,2019,12,2,0,8.469459757661566e-05,3.063530032212968e-05
2019-12-04,2019,12,4,2,6.38021692065899e-05,3.7058313493595175e-05
2019-12-05,2019,12,5,3,7.026439799357075e-05,3.381651654658687e-05
2019-12-06,2019,12,6,4,6.674690826755935e-05,1.4476108733577222e-06
2019-12-08,2019,12,8,6,2.689063381117947e-05,1.2427604152445128e-05
2019-12-09,2019,12,9,0,6.228108005648104e-05,4.408294760218122e-05
2019-12-10,2019,12,10,1,8.762813441783172e-05,6.323112500302363e-06
2019-12-11,2019,12,11,2,5.798807873283622e-05,8.19902411301821e-06
2019-12-13,2019,12,13,4,5.441100881982256e-05,2.359572002951505e-05
2019-12-14,2019,12,14,5,5.718992668318024e-05,1.9388580786245568e-05
2019-12-15,2019,12,15,6,4.8266214211156566e-05,4.626726437698874e-05
2019-12-16,2019,12,16,0,9.342152781615063e-05,5.08416418590177e-05
2019-12-17,2019,12,17,1,9.242353043438572e-05,3.302811815854675e-05
2019-12-18,2019,12,18,2,6.809096952758261e-05,2.3597785332985384e-05
2019-12-19,2019,12,19,3,5.7854924736449726e-05,3.5048292104718405e-05
2019-12-21,2019,12,21,5,8.420423489708213e-05,1.1853608968213953e-05
2019-12-22,2019,12,22,6,4.095185638424864e-05,1.3665607542789217e-05
2019-12-24,2019,12,24,1,3.606488625177529e-05,1.0972924206583476e-05
2019-12-25,2019,12,25,2,3.2598612597576645e-05,3.457116010998924e-05
2019-12-26,2019,12,26,3,6.724279558866342e-05,5.367474467935844e-05
2019-12-27,2019,12,27,4,9.36450522695668e-05,4.55866675409377e-05
2019-12-28,2019,12,28,5,8.474165144953912e-05,5.036374120382825e-06
2019-12-29,2019,12,29,6,3.16031018491538e-05,2.6055849844962365e-05
2019-12-30,2019,12,30,0,5.263151136540417e-05,2.769714717753905e-05
2019-12-31,2019,12,31,1,5.5800561896481134e-05,
2020-01-01,2020,1,1,2,1.945800675929901e-05,8.179478705088526e-06
2020-01-03,2020,1,3,4,3.001062025507367e-05,1.1680766784266514e-05
2020-01-04,2020,1,4,5,2.769754566445779e-05,1.0325559119476902e-05
2020-01-05,2020,1,5,6,2.942192663316922e-05,1.2669469672494585e-05
2020-01-06,2020,1,6,0,6.489176170865382e-05,3.713981219751765e-05
2020-01-07,2020,1,7,1,6.267948401881141e-05,3.91283792319984e-05
2020-01-08,2020,1,8,2,3.1376560106816016e-05,1.1978638111391566e-05
2020-01-09,2020,1,9,3,4.214803986536772e-05,1.616411656607167e-05
2020-01-10,2020,1,10,4,6.471983900018235e-05,3.0536869913597286e-05
2020-01-11,2020,1,11,5,7.504870447167714e-05,2.566161178785344e-05
2020-01-12,2020,1,12,6,4.354856631572496e-05,1.5760203174716968e-05
2020-01-13,2020,1,13,0,5.1095916926140726e-05,3.1489191626037415e-05
2020-01-14,2020,1,14,1,6.314265342482164e-05,3.5138420183254315e-05
2020-01-15,2020,1,15,2,4.197278559365397e-05,1.821383441907138e-05
2020-01-16,2020,1,16,3,6.981329141185816e-05,2.726518462377464e-05
2020-01-17,2020,1,17,4,8.007705401823479e-05,4.134430455915276e-05
2020-01-18,2020,1,18,5,6.099549221634365e-05,5.931274657741392e-06
2020-01-19,2020,1,19,6,3.9187356863164286e-05,2.7356042322464597e-06
2020-01-20,2020,1,20,0,2.887804144608599e-05,5.4048877767613245e-06
2020-01-24,2020,1,24,4,6.371224366626191e-05,1.0674086102950595e-05
2020-01-25,2020,1,25,5,3.732406540359768e-05,1.2738437803395036e-05
2020-01-27,2020,1,27,0,8.174574514658251e-05,3.223872517118984e-05
2020-01-29,2020,1,29,2,4.598716525392281e-05,1.3410892227941506e-05
2020-01-30,2020,1,30,3,3.3408536509459664e-05,8.037734812589292e-06
2020-01-31,2020,1,31,4,4.7289728856722766e-05,1.3660484596475193e-05
2020-02-01,2020,2,1,5,5.279178701317507e-05,2.7355215236280613e-05
2020-02-02,2020,2,2,6,5.5225137689691165e-05,1.8472542379217807e-05
2020-02-04,2020,2,4,1,2.852397728175088e-05,3.68273726033632e-06
2020-02-05,2020,2,5,2,3.783441145398977e-05,1.628799892509371e-05
2020-02-06,2020,2,6,3,4.9384831310486974e-05,2.819641837181945e-05
2020-02-07,2020,2,7,4,7.121550946263727e-05,3.914538318632367e-05
2020-02-08,2020,2,8,5,7.806150651534721e-05,4.789632572544738e-05
2020-02-09,2020,2,9,6,2.4327349617659272e-05,2.761987858526824e-06
2020-02-10,2020,2,10,0,2.2203101567795567e-05,2.1936972513904065e-06
2020-02-11,2020,2,11,1,4.1091908653220026e-05,2.0005719994354056e-05
2020-02-12,2020,2,12,2,0.0001026190653591,4.9611296052878464e-05
2020-02-14,2020,2,14,4,4.822625874913237e-05,2.108644741928592e-05
2020-02-15,2020,2,15,5,5.486032749382709e-05,1.2922222549597324e-05
2020-02-16,2020,2,16,6,3.370168612432176e-05,1.078168851308198e-05
2020-02-17,2020,2,17,0,5.1791399007936906e-05,2.109770387141476e-05
2020-02-18,2020,2,18,1,4.665839116507207e-05,1.8784117833187216e-05
2020-02-19,2020,2,19,2,7.047490392302815e-05,4.535607387826224e-05
2020-02-20,2020,2,20,3,5.302924710851956e-05,2.41274228887559e-05
2020-02-23,2020,2,23,6,2.521258858210433e-05,1.4613281821118024e-05
2020-02-24,2020,2,24,0,6.365344178807423e-05,3.433435279624598e-05
2020-02-25,2020,2,25,1,4.9252477477019e-05,1.7634434001493107e-05
2020-02-26,2020,2,26,2,1.1921156571849146e-05,3.2805212580638155e-06
2020-02-27,2020,2,27,3,3.34969469349625e-05,6.265674976400119e-06
2020-02-28,2020,2,28,4,3.942292029318904e-05,1.8391023874788377e-05
2020-02-29,2020,2,29,5,1.2661727851082103e-05,0.0
2020-03-02,2020,3,2,0,5.633406693507764e-05,2.840813464857533e-05
2020-03-03,2020,3,3,1,4.670267025254345e-05,1.845884268355816e-05
2020-03-04,2020,3,4,2,6.480813887094059e-05,3.643705500570715e-05
2020-03-05,2020,3,5,3,9.662446728023468e-05,4.966868090594693e-05
2020-03-06,2020,3,6,4,3.659285945060495e-05,2.052559480670946e-05
2020-03-07,2020,3,7,5,4.853508638089981e-05,2.224830960505448e-05
2020-03-08,2020,3,8,6,3.813553853195939e-05,1.490585341632008e-05
2020-03-09,2020,3,9,0,5.587667701849098e-05,3.103879352313829e-05
2020-03-10,2020,3,10,1,8.291949730878272e-05,4.389438839847592e-05
2020-03-11,2020,3,11,2,8.635106371038171e-05,4.94904546462251e-05
2020-03-12,2020,3,12,3,4.192077785737844e-05,1.4688528347633013e-05
2020-03-13,2020,3,13,4,3.8175645361668205e-05,9.17380131385518e-06
2020-03-14,2020,3,14,5,5.272319685900584e-05,0.0
2020-03-16,2020,3,16,0,5.423125992188266e-05,3.2781053429585805e-05
2020-03-17,2020,3,17,1,1.380801741050005e-05,5.517901206118977e-06
2020-03-18,2020,3,18,2,1.877242214407314e-05,5.2894191287561095e-06
2020-03-19,2020,3,19,3,2.1055115299311864e-05,5.836875696160314e-06
2020-03-20,2020,3,20,4,2.08140144583933e-05,8.60625183870026e-06
2020-03-21,2020,3,21,5,2.2282240248578784e-05,9.475298703805976e-06
2020-03-22,2020,3,22,6,1.6916448150095557e-05,7.107006295077192e-06
2020-03-23,2020,3,23,0,1.5879643890142923e-05,4.896402764714471e-06
2020-03-24,2020,3,24,1,2.011725813981336e-05,5.11167498935788e-06
2020-03-25,2020,3,25,2,2.0784349901812412e-05,6.970645227486174e-06
2020-03-26,2020,3,26,3,2.8659195306946063e-05,1.0114096611739638e-05
2020-03-27,2020,3,27,4,2.530831531226232e-05,9.33469994904051e-06
2020-03-28,2020,3,28,5,2.3062322928758655e-05,8.605625231845141e-06
2020-03-29,2020,3,29,6,1.332162399311484e-05,7.052647182280934e-06
2020-03-30,2020,3,30,0,2.595036782565944e-05,7.576546982149224e-06
2020-03-31,2020,3,31,1,3.201172640546167e-05,1.4920394572209498e-05
2020-04-01,2020,4,1,2,3.100348301973675e-05,2.4890378741776365e-05
2020-04-02,2020,4,2,3,2.916084972264232e-05,8.42487428809669e-06
2020-04-03,2020,4,3,4,3.8422096994783054e-05,1.4476071145305128e-05
2020-04-04,2020,4,4,5,2.3276330275774732e-05,8.405980687895767e-06
2020-04-05,2020,4,5,6,1.7512950397645502e-05,6.557582646635876e-06
2020-04-06,2020,4,6,0,3.019358077363033e-05,1.1862498528361294e-05
2020-04-07,2020,4,7,1,3.226167051736396e-05,1.7287618582352718e-05
2020-04-08,2020,4,8,2,1.8968959717434452e-05,9.091369979738466e-06
2020-04-09,2020,4,9,3,1.367946831651852e-05,4.525356849159331e-06
2020-04-10,2020,4,10,4,1.379309990847876e-05,6.231343955059398e-06
2020-04-11,2020,4,11,5,5.683382598584526e-06,1.8604222036106675e-06
2020-04-12,2020,4,12,6,1.3713992742491705e-05,6.83453157821919e-06
2020-04-13,2020,4,13,0,2.3392350746246743e-05,1.1862143403147165e-05
2020-04-14,2020,4,14,1,1.705968683735962e-05,6.669600941616047e-06
2020-04-15,2020,4,15,2,1.972247081992816e-05,7.642808013326059e-06
2020-04-16,2020,4,16,3,2.656655869859977e-05,1.3805259413145512e-05
2020-04-17,2020,4,17,4,3.079296242954667e-05,1.3757167525366974e-05
2020-04-18,2020,4,18,5,2.9472726441196343e-05,1.147364692071887e-05
2020-04-19,2020,4,19,6,1.2749233425263362e-05,8.167886587551306e-06
2020-04-20,2020,4,20,0,2.8431826198919117e-05,1.010291544341316e-05
2020-04-21,2020,4,21,1,3.236514235925805e-05,1.36423906845773e-05
2020-04-22,2020,4,22,2,3.209967658817723e-05,1.4746115723984344e-05
2020-04-23,2020,4,23,3,3.2525028600677326e-05,1.4446050860336154e-05
2020-04-24,2020,4,24,4,2.9401772016345e-05,1.3850566116611628e-05
2020-04-25,2020,4,25,5,3.0577857111697354e-05,1.0662792160566056e-05
2020-04-26,2020,4,26,6,1.4567703028543168e-05,6.4504217520655614e-06
2020-04-27,2020,4,27,0,3.720043601538091e-05,2.0908947155250884e-05
2020-04-28,2020,4,28,1,4.324781220366866e-05,2.2590163923500315e-05
2020-04-29,2020,4,29,2,3.5897446344443575e-05,1.7657703957110164e-05
2020-04-30,2020,4,30,3,3.217689119019412e-05,1.3269704595114204e-05
2020-05-01,2020,5,1,4,3.067931192599692e-05,1.1041686110407676e-05
2020-05-02,2020,5,2,5,5.025038283131626e-05,2.5396727575271195e-05
2020-05-03,2020,5,3,6,2.1968565672667948e-05,8.510652619169074e-06
2020-05-06,2020,5,6,2,4.981533502560443e-05,1.7729689494927762e-05
2020-05-08,2020,5,8,4,4.21363479628918e-05,2.203076515160612e-05
2020-05-09,2020,5,9,5,3.8640652187422085e-05,1.5168758813218063e-05
2020-05-10,2020,5,10,6,1.703576307038273e-05,5.044426035271289e-06
2020-05-11,2020,5,11,0,2.459500956381829e-05,1.1224019596440687e-05
2020-05-12,2020,5,12,1,3.5015443775749264e-05,2.2704599701069096e-05
2020-05-13,2020,5,13,2,3.859019217204344e-05,2.275515538563643e-05
2020-05-14,2020,5,14,3,6.004259266212201e-05,3.11251538564466e-05
2020-05-15,2020,5,15,4,5.398869455916802e-05,2.519803740862858e-05
2020-05-16,2020,5,16,5,3.277404994714386e-05,1.054025569021347e-05
2020-05-17,2020,5,17,6,1.530586375170013e-05,4.793401568575856e-06
2020-05-18,2020,5,18,0,6.616322096237808e-05,3.288390515906959e-05
2020-05-19,2020,5,19,1,6.335853867816297e-05,3.396417079374985e-05
2020-05-20,2020,5,20,2,7.40483869493519e-05,4.392135752748535e-05
2020-05-21,2020,5,21,3,4.674025327052436e-05,2.596327507345261e-05
2020-05-22,2020,5,22,4,4.666222946684488e-05,2.111188873706194e-05
2020-05-23,2020,5,23,5,5.287632601450116e-05,2.879021186747612e-05
2020-05-24,2020,5,24,6,2.5087626032221395e-05,9.850920511267148e-06
2020-05-25,2020,5,25,0,8.44254235875984e-05,4.6235853397917e-05
2020-05-26,2020,5,26,1,6.87664853949607e-05,4.762453098272216e-05
2020-05-27,2020,5,27,2,7.468988007180801e-05,3.663840805109916e-05
2020-05-28,2020,5,28,3,6.109183222156618e-05,3.888262630955926e-05
2020-05-29,2020,5,29,4,7.516665276368624e-05,3.607120879872836e-05
2020-05-30,2020,5,30,5,7.193998056235355e-05,3.5071661074205126e-05
2020-05-31,2020,5,31,6,2.070508579886757e-05,6.966941025750708e-06
2020-06-01,2020,6,1,0,5.895507046511564e-05,2.4438661358274147e-05
2020-06-02,2020,6,2,1,7.261289414248633e-05,3.075126800392871e-05
2020-06-03,2020,6,3,2,5.091349043763439e-05,2.4392219526690693e-05
2020-06-04,2020,6,4,3,9.908773403128004e-05,5.237852447304075e-05
2020-06-05,2020,6,5,4,7.884254126981741e-05,5.495500107572656e-05
2020-06-06,2020,6,6,5,8.622140135858489e-05,4.29605835814468e-05
2020-06-07,2020,6,7,6,2.2204456254441345e-05,4.79358923547386e-06
2020-06-08,2020,6,8,0,0.0001182637982294,5.9818247096201175e-05
2020-06-09,2020,6,9,1,4.573831508031886e-05,2.44396113517697e-05
2020-06-10,2020,6,10,2,7.951546710523658e-05,4.751300988346985e-05
2020-06-11,2020,6,11,3,7.8510834192639e-05,4.001867487569787e-05
2020-06-12,2020,6,12,4,7.601351542662195e-05,2.7182030991460715e-05
2020-06-13,2020,6,13,5,9.558428300643765e-05,4.620623215632958e-05
2020-06-14,2020,6,14,6,3.628770500039143e-05,1.0678216647322749e-05
2020-06-15,2020,6,15,0,8.778842307570291e-05,3.65560167095675e-05
2020-06-16,2020,6,16,1,0.0001002771933587,5.439643480625264e-05
2020-06-17,2020,6,17,2,6.658847110037007e-05,2.4467115347315237e-05
2020-06-18,2020,6,18,3,6.636852216983292e-05,2.9145886655515332e-05
2020-06-19,2020,6,19,4,0.0001144994144694,5.403315344278312e-05
2020-06-20,2020,6,20,5,0.0001043032389771,6.143786056272172e-05
2020-06-21,2020,6,21,6,3.137115312229077e-05,1.3694037704540822e-05
2020-06-22,2020,6,22,0,4.041172290986016e-05,2.6022445508357787e-05
2020-06-23,2020,6,23,1,8.871915076541526e-05,3.845420430948113e-05
2020-06-24,2020,6,24,2,0.0001029842802426,5.891762756661234e-05
2020-06-25,2020,6,25,3,0.0001134597465885,6.932131488579736e-05
2020-06-26,2020,6,26,4,0.0001405061647145,9.174886711609368e-05
2020-06-27,2020,6,27,5,0.0001073416098536,5.714568445018199e-05
2020-06-28,2020,6,28,6,2.751675133198301e-05,9.09971352278475e-06
2020-06-29,2020,6,29,0,7.335013205955713e-05,3.567630083993267e-05
2020-06-30,2020,6,30,1,0.0001002172810003,5.0201049801818135e-05
2020-07-01,2020,7,1,2,0.0001355149994447,6.780090275603218e-05
2020-07-02,2020,7,2,3,9.835472686656904e-05,6.109569991885438e-05
2020-07-03,2020,7,3,4,8.166757252783401e-05,4.519262202369557e-05
2020-07-04,2020,7,4,5,0.0001133932984803,5.48236673435604e-05
2020-07-05,2020,7,5,6,6.625595270466052e-05,2.451051862333659e-05
2020-07-06,2020,7,6,0,0.0001022412991174,5.073747184305341e-05
2020-07-07,2020,7,7,1,8.606952880742498e-05,5.211988365445681e-05
2020-07-08,2020,7,8,2,7.375191216463577e-05,4.260993728200894e-05
2020-07-09,2020,7,9,3,9.334935045700508e-05,4.051999220607706e-05
2020-07-10,2020,7,10,4,0.0001107039749144,5.405524474575045e-05
2020-07-11,2020,7,11,5,0.0001181458635974,7.439211396978927e-05
2020-07-12,2020,7,12,6,7.407532247495948e-05,3.434518163965472e-05
2020-07-13,2020,7,13,0,0.0001084431131484,6.090626014466359e-05
2020-07-14,2020,7,14,1,9.574945407500296e-05,3.793766358754889e-05
2020-07-15,2020,7,15,2,0.0001240383921822,5.945323340342256e-05
2020-07-16,2020,7,16,3,0.0001033293631527,4.5201896150846655e-05
2020-07-17,2020,7,17,4,0.0001558335635552,8.418095122412476e-05
2020-07-18,2020,7,18,5,0.00012146183727,5.972024997924821e-05
2020-07-19,2020,7,19,6,5.990428050245892e-05,2.830362765442822e-05
2020-07-20,2020,7,20,0,0.0001046239764496,5.061893165286562e-05
2020-07-21,2020,7,21,1,0.0001529843146307,8.313369420145636e-05
2020-07-23,2020,7,23,3,0.0001416523787028,7.206911722043828e-05
2020-07-24,2020,7,24,4,0.0001033612576561,5.078130532191093e-05
2020-07-25,2020,7,25,5,9.961420503204628e-05,3.852664179558951e-05
2020-07-26,2020,7,26,6,8.21175415193802e-05,3.138700477341031e-05
2020-07-27,2020,7,27,0,0.000103271142743,5.871574493507264e-05
2020-07-28,2020,7,28,1,0.0001074929678322,4.890391406493531e-05
2020-07-29,2020,7,29,2,0.0001074722994301,6.289375994722958e-05
2020-07-30,2020,7,30,3,9.578595721303306e-05,3.604254437517067e-05
2020-07-31,2020,7,31,4,9.857230141257424e-05,5.162867446580824e-05
2020-08-01,2020,8,1,5,0.0001237152561942,6.144028195592372e-05
2020-08-02,2020,8,2,6,8.384324781999324e-05,3.776862400286261e-05
2020-08-03,2020,8,3,0,8.858713036899267e-05,4.8186263856746e-05
2020-08-04,2020,8,4,1,9.475991007921796e-05,4.145718137325074e-05
2020-08-05,2020,8,5,2,8.936637693694856e-05,4.317086584086713e-05
2020-08-06,2020,8,6,3,0.0001446942349316,5.958386843475282e-05
2020-08-07,2020,8,7,4,0.0001467535814576,8.799998868384616e-05
2020-08-08,2020,8,8,5,0.0001191668847113,6.307204841528396e-05
2020-08-09,2020,8,9,6,5.1916377190622576e-05,2.1998969397458327e-05
2020-08-10,2020,8,10,0,9.142365750152575e-05,3.225465331097738e-05
2020-08-11,2020,8,11,1,0.0001278530802058,5.004081572789701e-05
2020-08-12,2020,8,12,2,0.0001463610380333,6.676504342551541e-05
2020-08-13,2020,8,13,3,0.0001300860698756,5.915673711275664e-05
2020-08-14,2020,8,14,4,0.0001170261956384,5.714604638976313e-05
2020-08-15,2020,8,15,5,8.257189208632322e-05,4.13977611227724e-05
2020-08-16,2020,8,16,6,2.62330826283853e-05,9.144211662381818e-06
2020-08-17,2020,8,17,0,0.0001140572534965,6.856057282454552e-05
2020-08-18,2020,8,18,1,0.000132006590331,7.020721708669572e-05
2020-08-19,2020,8,19,2,0.000107471895946,6.003522809117888e-05
2020-08-20,2020,8,20,3,7.2375413868838e-05,3.3063091182092264e-05
2020-08-21,2020,8,21,4,8.789823505750303e-05,3.806437709859534e-05
2020-08-22,2020,8,22,5,0.0001359056676535,4.932185124335698e-05
2020-08-23,2020,8,23,6,4.081043587054975e-05,1.4275128293832727e-05
2020-08-24,2020,8,24,0,9.32376251772304e-05,5.717059400952882e-05
2020-08-25,2020,8,25,1,8.663805492988756e-05,3.818369474203706e-05
2020-08-27,2020,8,27,3,0.0001183227571527,3.95891998259768e-05
2020-08-28,2020,8,28,4,0.000159725515174,8.582162895690841e-05
2020-08-29,2020,8,29,5,9.54855488848136e-05,4.1389622023863664e-05
2020-08-30,2020,8,30,6,1.2161655745194512e-05,3.215549355384372e-13
2020-08-31,2020,8,31,0,7.143343892651394e-05,2.5405550176590102e-05
2020-09-01,2020,9,1,1,7.991292667834549e-05,2.7687989348380616e-05
2020-09-02,2020,9,2,2,9.106414041340892e-05,3.877610733359054e-05
2020-09-03,2020,9,3,3,8.630621397782756e-05,4.339013389782695e-05
2020-09-04,2020,9,4,4,9.72556195909692e-05,5.3949111128016695e-05
2020-09-05,2020,9,5,5,9.228595115779222e-05,3.749133043151345e-05
2020-09-06,2020,9,6,6,2.979440180810534e-05,8.410671004221586e-06
2020-09-07,2020,9,7,0,0.0001002033114736,5.409926215335409e-05
2020-09-08,2020,9,8,1,0.0001344232821379,6.266484850044308e-05
2020-09-09,2020,9,9,2,0.0001504148727516,4.51014804429792e-05
2020-09-10,2020,9,10,3,9.707328628266076e-05,4.681514588842322e-05
2020-09-11,2020,9,11,4,9.016213713503696e-05,4.737457549320874e-05
2020-09-12,2020,9,12,5,0.0001002324892239,5.5070844501171074e-05
2020-09-13,2020,9,13,6,3.87361972297929e-05,1.173074147891597e-05
2020-09-14,2020,9,14,0,0.0001182496379714,6.826588768469722e-05
2020-09-15,2020,9,15,1,0.0001128498676679,4.876465817490439e-05
2020-09-16,2020,9,16,2,8.582572148757612e-05,2.665211090869643e-05
2020-09-17,2020,9,17,3,0.0001052254186609,4.7148382432911744e-05
2020-09-18,2020,9,18,4,0.0001275316682026,6.0085321582022274e-05
2020-09-19,2020,9,19,5,0.0001078728064632,5.086460478659898e-05
2020-09-20,2020,9,20,6,3.827471212524881e-05,1.207342528965058e-05
2020-09-21,2020,9,21,0,6.650591254803216e-05,2.418416334430377e-05
2020-09-22,2020,9,22,1,8.035826251566671e-05,3.7317049779608016e-05
2020-09-23,2020,9,23,2,0.0001062935256079,4.43772578038176e-05
2020-09-24,2020,9,24,3,0.0001051749389151,4.478103154478501e-05
2020-09-25,2020,9,25,4,9.461645586343808e-05,3.444632404041896e-05
2020-09-26,2020,9,26,5,7.9451723783016e-05,2.1854944581132832e-05
2020-09-27,2020,9,27,6,3.942591454921574e-05,1.6092983250031326e-05
2020-09-28,2020,9,28,0,9.377957987839791e-05,4.748244462888911e-05
2020-09-29,2020,9,29,1,0.0001302904558186,5.797329639833196e-05
2020-09-30,2020,9,30,2,0.00010854782618,4.673988453661155e-05
2020-10-01,2020,10,1,3,0.0001151648396823,4.197366437675431e-05
2020-10-03,2020,10,3,5,9.549140310042864e-05,1.8451574482491983e-05
2020-10-04,2020,10,4,6,4.068866176561176e-05,1.460382937243009e-05
2020-10-05,2020,10,5,0,7.162472922251555e-05,3.3248360424260835e-05
2020-10-06,2020,10,6,1,0.0001005730591024,6.103281206800221e-05
2020-10-07,2020,10,7,2,7.633797843644116e-05,2.998371876205166e-05
2020-10-08,2020,10,8,3,6.47628364833243e-05,3.113044105631658e-05
2020-10-09,2020,10,9,4,0.0001288832293915,6.838878866245931e-05
2020-10-10,2020,10,10,5,0.0001252314906484,6.330302644065059e-05
2020-10-11,2020,10,11,6,4.371395066606986e-05,1.409492452726048e-05
2020-10-12,2020,10,12,0,7.232295808295579e-05,2.6219222086912636e-05
2020-10-13,2020,10,13,1,7.812191798124135e-05,2.499386535481327e-05
2020-10-14,2020,10,14,2,9.643312568303568e-05,4.4046824602969184e-05
2020-10-15,2020,10,15,3,9.379987927550594e-05,4.6778807086445166e-05
2020-10-16,2020,10,16,4,0.0001157201693637,4.365016135612272e-05
2020-10-17,2020,10,17,5,8.022601862815063e-05,2.9453839257598656e-05
2020-10-18,2020,10,18,6,3.715176479526373e-05,1.2146798848488451e-05
2020-10-19,2020,10,19,0,9.52492117196712e-05,4.6781857466471895e-05
2020-10-20,2020,10,20,1,8.45498019590458e-05,4.722679152454694e-05
2020-10-21,2020,10,21,2,0.0001013824489453,4.3891262734034544e-05
2020-10-23,2020,10,23,4,7.106108885566254e-05,2.44995670798893e-05
2020-10-24,2020,10,24,5,6.851878287948147e-05,3.636823575446397e-05
2020-10-25,2020,10,25,6,4.660118177787396e-05,1.7151849481382913e-05
2020-10-26,2020,10,26,0,0.0001003197799824,5.252558691223335e-05
2020-10-27,2020,10,27,1,8.550364304031113e-05,3.513539566830001e-05
2020-10-28,2020,10,28,2,6.888582677788104e-05,2.7632969815151823e-05
2020-10-29,2020,10,29,3,6.507652019025879e-05,2.846867243753407e-05
2020-10-30,2020,10,30,4,9.255597887944736e-05,2.0419605473918048e-05
2020-10-31,2020,10,31,5,9.312365560780296e-05,3.538839528712447e-05
2020-11-01,2020,11,1,6,5.397031684232756e-05,1.9572490962104005e-05
2020-11-02,2020,11,2,0,6.698554422695626e-05,3.962958960587207e-05
2020-11-03,2020,11,3,1,6.308849959295349e-05,2.9722298644746893e-05
2020-11-04,2020,11,4,2,0.0001123247366472,4.065617185905886e-05
2020-11-05,2020,11,5,3,0.0001205720139037,6.73116002480179e-05
2020-11-06,2020,11,6,4,0.0001243915386323,5.701357367056967e-05
2020-11-07,2020,11,7,5,8.155039321504626e-05,3.253735015363882e-05
2020-11-08,2020,11,8,6,2.7586207753221734e-05,7.554099595494749e-06
2020-11-09,2020,11,9,0,7.591285246676648e-05,3.341907375319538e-05
2020-11-10,2020,11,10,1,0.0001074322813809,5.050210116905372e-05
2020-11-11,2020,11,11,2,0.0001656347092917,6.879946658812894e-05
2020-11-12,2020,11,12,3,0.0001051148217415,5.285209731400568e-05
2020-11-13,2020,11,13,4,7.875626783766228e-05,3.860663018636764e-05
2020-11-14,2020,11,14,5,6.827093101521752e-05,3.2562291152748244e-05
2020-11-15,2020,11,15,6,4.350170638985591e-05,1.727169889516082e-05
2020-11-16,2020,11,16,0,0.0001001553016408,3.92563883183156e-05
2020-11-17,2020,11,17,1,9.912094647050784e-05,4.626884566022704e-05
2020-11-18,2020,11,18,2,7.954405531311346e-05,3.826545117560693e-05
2020-11-19,2020,11,19,3,5.565890014180683e-05,1.7299365100519694e-05
2020-11-21,2020,11,21,5,8.817595082487951e-05,4.1960480232401695e-05
2020-11-22,2020,11,22,6,4.785982180520848e-05,1.5415042769092688e-05
2020-11-23,2020,11,23,0,0.0001128455906937,3.889005101320661e-05
2020-11-24,2020,11,24,1,6.0973859716622274e-05,2.5822454023967237e-05
2020-11-25,2020,11,25,2,6.521213114715974e-05,3.15557204986961e-05
2020-11-26,2020,11,26,3,8.985993028492817e-05,6.920659699778812e-05
2020-11-27,2020,11,27,4,6.166953488764205e-05,2.8829956889720822e-05
2020-11-28,2020,11,28,5,9.478188936357272e-05,4.288528695583868e-05
